row_id,poverty_rate
1,17.98978923925507
3,14.355548642774782
6,14.982577135112232
7,28.15906527222639
14,13.9070966464716
16,12.806700074279618
18,26.522812972492066
19,11.953734618288033
20,15.164072348158355
24,11.26715583283362
26,9.751101472071792
28,15.58375232182983
30,15.340047462216104
31,19.374966432867218
32,26.60705227144025
33,10.434166153143345
34,12.773922806394648
38,13.648647635209079
40,15.919240688704896
41,19.678306415823577
48,16.205392082200937
50,20.823154027401582
53,13.067957735101572
54,14.660325496161095
57,9.589092221171459
59,23.61314618999877
60,10.739537309358345
62,16.711783071533585
63,12.708984024267222
65,11.137840937342936
67,37.25748289241549
70,16.3081135521682
75,12.560555985578741
77,12.142490914571068
80,17.988120778528558
81,19.718192108743665
83,15.400056184533675
84,20.53154742372653
85,6.442593870722001
88,23.1517052160597
94,20.5501817504253
95,27.224888561577032
96,19.73255489937074
98,12.152086801553047
102,19.282857702121312
103,13.901893872285642
104,10.83794329660114
108,12.958452491527884
109,14.964603524547572
110,28.162712048821625
113,17.774665531501718
116,18.27270275068301
119,18.907389969734187
120,12.69519701872086
122,7.664113150131284
123,15.220438069042736
125,14.26626386049087
126,10.988740224903221
128,17.774806949414444
130,13.133424900112294
133,13.285757817318663
134,9.86028756110033
135,21.240104335619236
136,30.573232248769518
140,22.604949796549928
141,17.023542720140316
142,17.959595803474674
143,13.538998054526205
151,13.052192469744629
153,21.699564696709658
154,31.235064111826713
158,16.59139762042295
165,12.234167040614524
168,19.25373377072597
170,28.081171680586827
175,10.67010269000303
178,17.35618961983052
179,16.843251105575913
181,18.52644579893237
183,9.522704341257935
184,17.02361176156065
185,10.943199258114383
190,11.686111896841595
192,14.465448717249274
193,29.958436785548763
194,17.72957961506505
195,12.732725178664376
196,16.656674115689977
197,13.909602272948879
199,18.210738824618524
203,20.29531970983076
204,14.17105437552154
209,9.481917963523223
213,16.520638021304993
214,16.103738759094018
217,21.799883165786902
220,12.044078878993755
221,13.692318634322328
222,16.3278871800278
223,13.634761159958373
227,19.932415438025224
228,20.336465211076785
230,11.911657082855266
234,10.803068788189455
239,12.529692712721213
242,11.647120918282079
246,16.686159666918215
248,12.374932408263591
249,17.179067074262722
253,14.378248472478587
255,16.345117711018705
257,12.998051049962184
259,13.645694495961514
262,21.250817090302483
264,18.89431549077679
265,12.989918199862958
266,16.27233845858699
267,16.915508759361256
268,13.460767296050047
273,14.77232350753283
274,10.945031300978231
275,27.37675702106854
276,18.66970997830435
285,14.319182361275733
289,14.352301336817519
290,20.470172674140688
292,11.498125978245076
297,9.293294311988538
300,11.91566331525865
302,12.8585150423841
304,19.467149869169678
306,22.72657590941022
307,23.753748716148518
309,10.709981715389548
312,16.986902952305602
313,8.857727188323382
316,11.361160553277475
317,16.919281752475783
318,24.225075693171547
319,7.0518387094685675
320,14.909444320734021
323,22.866716831107922
326,14.998888577584811
332,14.431147841382352
336,19.318677596886484
339,11.555459049731088
340,29.208721592509303
342,12.702183867362908
343,19.373482595277927
346,13.178153272155015
349,26.32708999718948
350,29.606435162213536
355,18.11185080479758
357,13.6414326959667
358,17.069379189079523
359,12.391564857186395
361,19.61297454655631
365,15.435819720346672
367,10.67803992246053
368,9.211941549619391
370,27.934717782312813
371,11.936138617197985
375,13.652032852521556
376,17.213465840531047
378,14.471250873659057
380,28.115161092142383
383,20.732247356105795
384,11.041716418193102
386,11.028895964842437
387,18.62223016319559
389,9.575755983885259
393,14.551210824716986
394,14.505903589149035
399,14.524293627843196
403,22.23816242290196
407,21.97375665237545
408,6.87429315175182
409,5.683622722586015
413,16.105092578933107
414,15.274037380585492
416,29.93282856332472
417,29.56206357488726
418,21.498608926033565
422,20.254330564154817
423,12.794268006619816
424,13.30531692766937
426,13.14789920334126
427,10.96430645410706
428,7.397282240312335
430,15.913316664490159
431,11.483457392633152
433,14.725994370530447
434,24.374503210053565
436,14.039786813910107
437,18.209649364265815
439,12.134035736429025
441,29.345679635288093
442,19.6825027858548
444,26.558512080813234
448,21.754272673346897
449,27.455023954861026
451,12.886510290817277
452,25.556214956374873
455,17.403998605191244
456,13.15071462183367
457,10.616298792343468
458,6.431289027815203
460,12.949088695905148
464,14.49143757129982
465,9.516803026321863
469,11.363526132179993
470,20.1053219689919
471,24.606154401890368
472,35.527691577066264
475,11.353511038172682
476,23.57525749636431
480,10.041089130163826
481,9.989019881723502
482,18.330681923721905
485,10.248167946910236
490,14.66549544016732
492,22.136863634084428
495,21.989237456915816
496,8.702164744719658
497,16.841560464889465
500,12.272636363646052
501,19.80149807940949
503,16.407287042885095
504,14.781322885355726
506,32.469930314348865
507,15.998440066337286
508,11.462321508258452
510,11.796648112361934
512,15.408762984091336
513,14.691117519116988
514,18.34123018378938
515,10.894164980941637
519,31.260656895760572
522,13.35991013691925
523,17.182179330923592
524,10.128946148499564
527,11.084626025201041
528,17.176265385343886
529,16.410498604229026
530,13.943430392305864
532,10.215615658841532
534,13.628934677713133
537,16.9007519016428
541,9.01528227704134
542,22.12375303678279
543,13.070011981264908
544,11.570701388804924
545,10.018826210152477
547,15.189516061600305
549,10.740678248432264
550,10.878596605891914
551,25.3738393541221
552,16.840099923738112
555,26.585888501336722
556,15.199421092826977
558,27.758813964290688
560,16.88273999780967
561,31.26557317105166
562,26.521187744025646
564,11.332064298248067
566,17.69603296803821
567,13.998143694604416
571,15.579705250692513
574,24.2514374947992
575,14.114609265518478
577,12.673172263373047
578,20.586257847694046
581,18.519754539819186
582,15.741087772847692
583,15.305220634857513
585,14.368100793398233
586,12.615269588083626
588,23.79201972515225
589,20.29925181940863
590,18.739169398809143
591,7.800545716218628
600,13.008903178596993
603,13.527636202269866
605,17.0775804106617
606,14.939631339481519
609,20.306973588569512
610,11.343295773495539
611,12.949636332521056
613,15.2374108995219
614,14.279690514665441
615,32.80317377584906
616,15.701374308837876
617,13.83444855702985
619,14.533807723670256
620,17.661809624928562
622,12.545035484131505
623,14.585175074606045
624,18.09806912251511
625,19.428225251054368
626,21.611390592141596
627,14.260978793229254
628,10.382440687612645
630,14.235001251815769
632,16.91238669322911
633,9.467272338811068
636,13.166462529810564
638,28.502380994313377
641,7.744316010682813
645,9.039651179224979
648,9.395553847575876
649,16.15932522422222
650,15.644108917035533
651,7.960501032851301
653,14.220016571566292
654,9.838725663635794
655,12.076159469555071
658,7.915318528625153
659,7.002521386714136
660,13.435510312248208
664,9.582583767885987
665,20.261349055548372
666,15.765712186904866
668,18.407888000014527
670,12.55874626198003
671,11.23962811560665
672,9.517658730177246
673,17.212768620312467
674,27.105273636143398
675,23.879670390988814
678,10.233737938051869
679,16.575208933703564
680,12.738029683960313
684,38.14093897660975
685,25.679948871149634
687,11.858012053024753
689,21.902259223003483
690,12.667137693645131
691,27.211319913148852
692,13.0206799826493
693,10.933131623411875
697,12.426986962436073
699,10.706558656512904
700,11.610570215037272
702,12.046762931962718
704,22.92639184751742
705,16.52330430397508
706,12.240715227551078
711,15.03789988772331
717,17.430845096819713
718,18.66361474669294
722,7.500960284165181
724,21.8702967310526
725,10.556709628952069
728,13.313954390209549
729,11.766461984580168
730,13.237376115828882
732,13.071749833314211
733,18.472338247854292
734,13.48237491648286
736,18.649792924644014
738,17.36166314674265
739,9.545201914124867
743,25.222927274129496
744,16.52414089503155
746,18.15230729123175
747,21.188752895236867
748,29.836239454362037
749,14.962860606126826
751,16.07882741583559
752,14.465395330603807
753,12.625887607983554
754,24.991914408882305
756,12.799661637475023
763,15.887279057438818
764,11.339546486452567
765,9.994720779918902
766,12.224291854437935
768,9.800965954990975
769,12.303834998500056
771,17.566670658873413
775,20.936114400633205
776,13.11155792617786
777,16.447052237949702
778,35.711988792439605
779,24.226822362087283
780,17.00703519998776
783,15.426511843315927
786,12.764386468171695
789,12.198399979285744
794,16.0353460743072
796,17.320473814008384
797,10.076935388511432
798,13.673630939249112
799,21.99648672109506
800,10.600050149700584
805,11.724088854056516
808,10.506191281946709
809,15.282866837650605
812,22.564307660481706
815,16.548415479887357
818,13.615481129669213
819,10.81755144930134
820,10.509238591934661
821,6.986130135892211
823,21.480772138460036
824,14.765702250125143
828,13.018938955735134
829,20.53301940981547
830,19.395397279723213
831,12.720781663677846
832,16.706963731910722
834,15.192128888790544
835,14.371422812613233
839,9.82566059977344
840,13.535268929724612
842,19.685597237337927
843,11.46208979757992
844,11.382953412934475
845,14.006167502572735
846,12.281670520094877
848,21.725568325049004
850,21.76561836582194
851,14.512661908158108
853,26.49391464949127
854,19.39814754956491
859,17.21665032807339
863,16.81277499472064
864,19.364149764118
867,13.334402702748648
869,11.420239845158118
872,10.317260748862092
873,18.012998152330198
875,11.259971189430853
876,12.919058617633985
878,20.561323020515363
879,14.633152738643355
881,12.072015549630917
885,13.454346601278417
887,14.563191788380031
888,32.36374140214467
890,13.624997237706859
891,17.953982092069676
893,12.17739261263059
896,18.656395813033658
897,11.689797672710046
898,13.350128336878045
900,10.79602881771249
905,18.107071957981713
914,23.406261959783244
916,11.852990090066406
921,13.599797472932181
924,18.34139611684188
928,9.722876081136006
930,13.683021673585383
931,23.074711252441148
932,16.329763611863807
934,21.58189700596441
936,20.640159592077733
937,14.09252710152125
939,13.961195647072039
941,14.489085578248499
943,14.372629673714945
948,4.095481096737067
949,22.186471733445593
953,15.211790371920156
954,23.776835743434866
956,11.593299389661174
957,11.428537495095988
961,18.534181809334605
966,18.435725591811206
967,20.155697559182688
970,21.281684205322115
972,32.05768171132907
973,24.869273492431518
976,15.059138759394797
977,13.449775144768743
978,8.38445632270137
979,10.428432159348095
980,18.040344160481187
981,19.854797884987423
982,12.546319840398777
983,26.797348232879898
986,16.684929162133137
988,23.315250769138107
989,9.664591775371493
992,14.597736885629752
993,13.138050151923498
994,16.124968068822614
999,13.50670236299606
1000,12.46625727116068
1003,13.912324333299523
1005,7.833225989359425
1007,16.133529231968517
1008,17.441680563819766
1011,19.81217640280394
1013,17.473636195878434
1020,17.456652813379854
1025,9.978655309523557
1026,11.287656706211722
1028,9.464672819546388
1031,13.392382689850937
1032,15.441803471985816
1036,20.00459376807475
1037,15.355404923091482
1042,11.508459236720775
1043,23.88198008749119
1044,12.571243723261363
1045,25.26755004349886
1047,11.749434916684718
1048,18.0205282962156
1052,18.141233334696356
1053,22.553738428690565
1054,29.281749134199607
1055,11.89437035177992
1056,9.527572770591398
1057,21.64775649061592
1058,12.859997586920098
1059,10.37451678463368
1060,10.13072543135789
1064,22.650661796217168
1065,20.682318481925574
1067,7.282082037689457
1068,17.46720288647945
1070,12.62928046478618
1071,18.998402363841326
1072,39.30672123312808
1073,23.733411584834325
1075,17.43877219511142
1076,11.28980206038859
1078,15.821199586883116
1079,15.076768576535658
1085,16.55734733701179
1088,9.371276158315911
1089,11.552507575398717
1090,22.439231632540743
1092,13.04199328422847
1093,10.348879610726504
1094,11.900124730581807
1095,22.41885414483688
1098,25.084933048140766
1100,11.40466365014706
1101,10.889590962382682
1102,26.103167469204497
1106,14.870630138645584
1107,11.039546463207191
1110,20.92938701132332
1114,21.380054435524784
1118,21.245314817478764
1121,8.223977773977433
1123,10.823092288329269
1124,11.888329798319633
1125,12.082521147734784
1129,16.466895607645558
1132,27.920271963962197
1134,22.202273567311874
1135,13.85632515312516
1136,13.248552761173634
1137,21.893525308018994
1138,19.504102764582843
1139,16.963052974916305
1140,15.466524635057132
1143,29.966982809117784
1144,15.070553045936679
1146,9.24053763652332
1147,25.168679208731177
1148,17.915997032802224
1152,14.39214045912066
1153,23.128495127958274
1159,12.587751889504538
1164,16.07818601161464
1165,9.438991037593041
1166,19.047391880647506
1168,17.340409391619747
1170,17.73947240120002
1171,11.011179118785451
1172,15.333541462679785
1177,12.0379005465652
1178,12.489143277468061
1179,15.640467315518688
1183,17.746078786401537
1193,14.644987948432117
1194,9.906087977868182
1195,16.32743878256557
1196,12.763010172160323
1199,15.565728965884633
1205,14.152258392652024
1207,8.877502414555757
1208,23.241383122473085
1210,10.803102455472308
1214,12.100513583351514
1217,15.529683418225178
1218,10.287365924926595
1220,12.970385370175585
1221,10.554593475869094
1222,15.475901165296419
1224,14.19934370369782
1227,18.089198588563153
1229,13.927495175105078
1230,25.885531133255025
1232,11.796361803602473
1235,20.180066936733322
1236,11.391219693966985
1237,16.698371469254884
1240,19.061112892968897
1241,19.68770342986446
1244,12.127384043675239
1246,14.28890481289666
1252,14.968512973427174
1257,11.876702555875305
1258,12.886645495138088
1260,10.930138688788563
1264,10.25170735551183
1265,23.72985846291838
1267,14.873811514427413
1269,17.75774617155477
1270,21.764190574297256
1272,20.35724529917844
1273,11.370451343503717
1274,12.389281892972086
1275,12.245317431234511
1276,16.10506396085166
1279,9.334471597146745
1280,6.744102535889629
1281,17.546167936980684
1286,13.156976959553802
1287,12.465682784255218
1289,18.60624174382985
1290,25.35682119572501
1291,20.020233578669714
1292,15.9391612876485
1293,18.434375305644902
1295,27.44830266808441
1296,31.479242021694734
1297,21.45502228631238
1300,26.332625339698243
1301,12.48880349335451
1302,21.111392474557668
1305,11.763116610626293
1306,11.650288162618045
1310,16.416384580504804
1313,7.355292852410394
1315,17.258086996405186
1316,18.814792675260605
1317,13.581484117916329
1318,6.791304876231213
1321,13.028999891704204
1324,17.984788213938
1326,16.250890892270526
1327,21.141486133010684
1330,23.533548816767613
1332,21.603533423124972
1337,20.51111871222742
1339,15.545633342189474
1341,20.794147293283512
1342,14.422413476411178
1347,19.111608664732973
1348,11.302006717083188
1350,15.790134652046754
1351,18.49548207681653
1352,23.764026896694574
1354,14.043492019923946
1355,13.213394525694621
1356,14.305856887687337
1359,11.85226547549263
1361,17.352179778708734
1364,14.94667208282428
1365,14.612125861751629
1366,11.830163229894923
1367,17.636216183558723
1368,12.159881044089568
1372,20.440612378050627
1376,16.11361661352215
1377,16.7849500818897
1378,15.976432789953517
1380,11.890685786477132
1381,12.512411993880496
1383,16.874392490280087
1387,9.741602586736503
1388,13.184878313220748
1389,25.563032089612285
1393,7.493905561793531
1395,18.633552947965278
1396,13.698759041042011
1398,11.273261586620816
1400,21.849553617072665
1401,12.11686422607513
1402,9.502511711977032
1403,13.1325682463048
1405,16.918471048862553
1407,11.474812984319762
1409,16.44200723317434
1411,21.410453570359625
1414,23.54191417687916
1415,9.302521521841753
1416,21.609845322453353
1417,13.255167558817028
1423,18.660010584916545
1425,11.224870741320133
1426,15.840928182335434
1428,18.96983137934109
1429,15.005487131415476
1432,12.466420559541119
1433,16.230004782998634
1434,18.702587604561273
1435,8.464879674104452
1436,9.990286510534144
1437,18.163321152681497
1438,14.894096014514796
1439,22.38343990542973
1440,7.991286080568907
1441,13.406971698908702
1446,21.067542007818805
1448,13.981249068099846
1450,14.139923313982337
1452,13.750528776930976
1453,14.641037465776998
1454,12.833421473776818
1455,14.586181850169275
1458,19.20991353290459
1459,15.92439063248765
1461,11.840945351455808
1464,18.996732182124195
1466,23.91921343778029
1471,21.457721965439816
1472,10.574170370204762
1474,24.19602152186519
1476,18.836156453284968
1477,16.0809266952165
1478,21.931632518438434
1479,14.639404434254894
1482,21.964963564257445
1483,20.420339732960915
1489,25.840215940275723
1490,21.103501590904468
1491,11.878334064950927
1495,10.035782917812552
1496,15.405993168277341
1498,17.754905457590006
1501,20.759221439281976
1504,15.0098886553462
1506,17.62750416091034
1511,13.44139782820517
1513,16.006249439140745
1515,18.4159026228062
1519,12.965302068385443
1522,20.66285474976547
1523,14.393323549495685
1525,13.605713274215057
1526,9.229968053419467
1531,17.177503922392177
1533,22.192911684617766
1535,22.530964879611243
1537,10.62273698054477
1546,24.737239547433227
1548,17.21047581787999
1551,25.35252732713054
1552,17.121734584050948
1554,23.305630099688493
1555,14.454813814813509
1557,14.061002687027372
1558,17.240431126794626
1559,19.41221891775442
1562,12.180125150982416
1563,11.39750875958597
1568,19.04958151873427
1570,21.736502407116877
1571,6.324180208427894
1573,37.081950974245835
1574,13.615760557730628
1575,20.930706864184586
1578,12.030537527355152
1580,26.216178536575246
1584,21.59134003364729
1586,9.151784554238947
1590,11.957589290067029
1591,8.866703163029856
1595,11.225404678626413
1596,12.817018465137572
1597,17.936814881802867
1598,27.618882291203267
1601,29.920240151710047
1603,14.834530893948955
1605,10.07931596010053
1608,10.680340537959898
1609,7.793234008582216
1611,18.74171813543143
1613,5.991150676131491
1615,16.459732190232256
1617,11.565916028076247
1618,25.09290268422743
1619,13.349880150168502
1620,16.092155691419574
1623,12.277772575584043
1624,13.143218341615736
1625,15.03373795595165
1626,18.814198639414606
1627,16.13886907391104
1628,17.064504530648165
1630,21.72494291024239
1632,30.524057901909618
1633,12.637282050228858
1634,17.004949001056858
1635,10.948745554939146
1639,14.724709631366922
1641,9.325893784832717
1644,14.612038905778103
1645,15.203312866145565
1646,9.629459076013488
1648,14.183108394666577
1649,16.07183566929764
1650,13.528910011021022
1652,11.66294078043102
1654,20.997039899012787
1655,10.92170716972716
1658,14.074961263326383
1660,17.0152886471499
1663,10.99221946424785
1669,18.734196627074677
1670,13.751498497057796
1671,16.962285753662595
1672,22.411314770643518
1673,14.225393153479574
1680,24.827900809870258
1682,14.006767292263836
1683,12.99004733323715
1684,8.820382497008554
1685,13.853386280869696
1686,34.373517821887525
1687,14.145507868455518
1689,24.574022643190442
1690,22.35142357117687
1691,19.01469906774261
1692,12.695481522914637
1693,17.14798447383883
1698,10.82087993022319
1700,16.64350228276695
1702,16.606241667854707
1704,25.677443590583348
1708,15.619691800677138
1709,27.16118141335274
1711,10.019201867986364
1713,16.944215616481493
1715,10.753719264567746
1716,22.791025633180197
1718,18.781616638215773
1721,15.146719115164688
1722,11.041558204208393
1726,9.57417245705528
1727,19.259966627767458
1734,10.410522361855532
1735,7.223519207137745
1739,16.756916176687373
1740,18.00169706681548
1741,21.94785496154741
1742,7.3884786678422385
1743,10.813847027183181
1745,20.536171921679856
1748,22.239075301015426
1750,9.940605447659008
1751,12.612827756428151
1753,7.60439900662991
1754,17.350861374586742
1755,9.49025073669611
1756,13.629030557043295
1757,9.772003287720981
1758,6.574698099773792
1759,20.194558161664784
1764,16.208052496069726
1765,13.528737916910467
1769,19.0017025889033
1772,18.9682411571296
1773,12.756762782536583
1775,13.626207008487778
1776,14.520883139213552
1777,21.97349159410765
1780,12.212848860611983
1783,22.6785928333768
1784,14.833273724576713
1787,17.653451612207956
1790,21.38169728385272
1794,18.21489384223559
1795,12.051956225257893
1796,13.92313959259279
1797,19.21098379356763
1798,20.361524829446168
1799,12.928534601729524
1805,24.505627829599444
1806,24.25463348230435
1808,14.717829265359702
1810,19.107231866874315
1813,25.49806747270673
1814,16.33417851760066
1815,20.940297765950106
1824,11.661004520783713
1825,18.178217081662808
1828,10.307231533892763
1830,15.867750616484962
1831,6.953465458798907
1832,31.240956148628396
1834,13.172938783926238
1837,11.762685309188036
1840,14.805371362157747
1844,15.284839439997558
1845,29.236423842239063
1846,10.956933133755676
1848,16.697513790501475
1849,16.451324190916
1851,16.817039733008787
1855,10.49028472969024
1856,11.672682343545276
1859,10.518274429665624
1860,22.8225027422704
1863,19.02856187371994
1865,13.739195116648288
1871,12.458894468206156
1879,16.13616626132944
1880,13.26870042307994
1886,23.18155917088911
1888,16.56967826850609
1891,14.806660942656139
1892,12.150191643895143
1893,13.855002470374371
1894,17.78052044372577
1896,14.735761955265174
1902,19.006401773250698
1904,22.338328557362857
1906,13.416183090086555
1910,9.415077619190146
1914,12.233078022649885
1915,16.750876268011776
1917,18.65963762869382
1918,17.7837621200247
1919,17.39245702600187
1922,13.744557053612313
1923,8.026478970064897
1924,30.4818559524062
1925,13.167717962462852
1926,38.53688155753648
1927,9.853395291527583
1928,21.73802550323419
1929,22.808297054003297
1930,18.057541863211505
1933,14.479622079690106
1934,18.767071806229172
1935,12.803732115762722
1936,8.82368391814502
1939,19.1592316354409
1940,13.752542921184766
1944,10.297577134516319
1945,17.13044070618636
1946,18.266190026397794
1950,17.60513829284453
1952,19.17560537122247
1953,16.784721850005504
1955,7.972782350588493
1956,15.604877360387714
1957,22.884933205186154
1958,13.672275497092755
1963,18.965424930254656
1968,16.236303933635917
1970,10.922108663796406
1972,12.688018615072554
1977,10.98055727990607
1978,18.9342156113415
1982,15.384294266197923
1983,10.798304833632281
1984,14.399305891356816
1992,20.288584136862877
1994,10.91284038219542
1995,25.778712539193656
1996,21.194076522956596
1998,17.59535622296513
2001,16.217318417293946
2002,17.211198848201928
2003,20.378224097761255
2005,28.781082889382862
2011,19.402319340467294
2012,17.043855170604697
2013,12.135515946576364
2015,22.357618627136645
2016,18.69280612504501
2017,18.119080090946483
2019,16.465238484989086
2020,6.010712439063847
2021,10.48096136807959
2022,16.903183126743304
2023,18.488938437541186
2024,9.583940228775052
2026,16.07914699234977
2029,10.616088065894864
2030,20.164736497952614
2031,16.306533388640034
2034,15.855502510958598
2038,11.32709741288477
2041,18.27032155852859
2043,20.77011260136294
2044,32.886027548740934
2045,17.137750823270153
2046,16.52090176620615
2048,27.36950326027988
2049,17.488203874460265
2050,23.208482247344424
2051,12.745099335292162
2052,20.733792320784644
2053,13.513617194088392
2054,13.367981192766436
2056,21.396815329482337
2058,12.22097193571808
2059,21.301028883538503
2061,10.873462762793018
2062,21.628491331835107
2063,17.709129459203986
2064,10.787494893894172
2067,7.613501903770321
2069,18.911771138508715
2070,11.55144511655862
2071,12.284426702910599
2072,14.26677764689269
2073,35.55402010969838
2075,6.41561545333851
2078,13.05794808532433
2081,18.142837096629023
2082,14.427427400326977
2084,18.839044322811556
2085,12.314679449761307
2086,29.219974017350747
2089,11.562543460035295
2092,14.221429173648097
2093,13.495989486682259
2095,11.805071263849992
2097,19.198533490685406
2098,15.581585380945473
2099,23.3182654008027
2100,16.49913660936865
2102,15.647739522119599
2103,14.328016091953492
2104,11.64641422457281
2106,13.278112103863261
2107,12.485871015306552
2109,13.34757126001176
2110,21.29245386657878
2111,13.170190719974835
2112,20.32488099485293
2113,22.488387275563493
2114,25.17950628491933
2115,17.601771658637603
2116,22.563071469330982
2118,23.720110137197807
2120,18.71630165716743
2123,15.68939015451532
2128,21.28680382317611
2129,32.994719153841025
2130,30.505470310547626
2131,8.963508807111598
2134,12.208512672451745
2136,12.20554813640524
2139,15.201124961326924
2140,19.78066552705853
2142,17.039379254094367
2143,11.242212631993725
2148,10.571306723819017
2149,18.921521241762978
2151,20.60091377104908
2152,13.401805445891458
2154,9.226996150385753
2155,14.045664072390293
2156,7.4540494967456405
2159,21.003223754879365
2160,11.521702936297615
2163,12.946963109970117
2164,7.402996102824095
2166,12.74179130706823
2170,22.16339837167072
2171,11.28521734764258
2172,22.477777263537916
2173,33.43301204785846
2174,12.701716701755567
2175,13.024817653847146
2177,11.457095646771702
2178,15.035272992023033
2180,11.527324564226427
2181,4.45238063405509
2185,12.040110741617138
2191,9.76882775091319
2192,16.75559935104929
2193,17.175935962594956
2194,10.185278795941201
2197,15.657570255853487
2198,16.49868669193055
2201,9.774886974429075
2202,21.109474906891315
2203,17.446303345587072
2204,12.308063799398028
2205,16.22987779439219
2207,18.981031347959316
2208,14.461788937903187
2209,19.972841012574296
2214,17.35440979744158
2215,18.869037725319114
2217,18.787751118183216
2219,11.334132537010216
2221,23.473686082411028
2222,15.431096944120162
2223,12.756593409947515
2224,12.481453419962792
2225,10.563545179866493
2226,14.047109129850577
2228,10.890010999769
2229,15.748942187566287
2230,11.437183074603778
2233,11.901063605694729
2237,14.850654890596456
2239,35.90039233444142
2241,10.028598601632334
2244,22.671927250639595
2247,20.83269501041367
2248,21.534865682550702
2250,14.206220626203622
2251,16.921139545819827
2252,14.558539860185638
2253,23.867194537515672
2255,11.916998759916366
2259,11.246775944858927
2260,18.687733679665847
2264,13.768153510999854
2265,13.714221227765615
2267,24.586472945723823
2268,12.983282988835755
2270,12.2141682334517
2272,14.374559164788364
2273,10.110266728498464
2274,9.964939447292025
2275,14.944702377065992
2276,20.651182623602896
2277,22.497701032302025
2279,14.875503741149922
2280,17.1627383697559
2281,11.013298102650495
2282,24.80932146344906
2285,13.839025614755402
2288,22.200229548123843
2291,20.66695766603946
2292,15.064614535007449
2294,13.650440361178863
2295,20.560206485963075
2296,9.313783821114749
2299,18.696964420924804
2301,20.482815995251027
2302,18.41816614856651
2307,17.831715668155972
2308,17.703376437997786
2309,9.34385683608593
2310,15.837634013990717
2311,13.986882006832174
2312,12.749147312563943
2314,17.018358958427058
2316,14.570386759690763
2318,28.723834334118088
2320,10.314975595183602
2325,17.45726548764862
2326,13.803822467371136
2327,12.865496172712064
2332,21.080056669431926
2337,13.07926840857556
2339,13.766225309801564
2342,7.3591153232675195
2344,13.115785148203232
2345,13.375783299376138
2349,13.667056491020347
2352,17.16988447883842
2355,19.467622895337218
2356,22.060521712104542
2357,19.365825243229718
2358,36.96923374547448
2359,24.30260172941436
2364,13.454117163378251
2365,22.935571954968935
2366,14.634519577844584
2368,11.692444998730156
2370,17.555766309211585
2371,15.864279336115878
2373,11.414853921090508
2374,11.8910600730691
2375,32.27099716629729
2376,10.711964902804281
2380,13.477190375587988
2381,6.451335066978219
2382,14.539292975301352
2384,22.459439465946783
2385,11.26028828194948
2388,25.382228113921276
2389,21.821808363563054
2390,23.196218681460422
2391,15.043808760522527
2392,22.108142009654067
2393,17.992842206766056
2395,25.240822519601142
2396,11.109803406067389
2397,18.87688391432924
2398,13.135172374860248
2399,14.400862601935977
2400,11.690786768055148
2401,15.932954545514354
2402,25.6686304758195
2403,15.284558403836769
2405,12.951712908393107
2406,18.35003053408383
2409,12.611649186511189
2411,13.054889188734204
2412,11.073785113178634
2413,21.024154154086013
2414,10.852647490573682
2416,12.69770500687038
2419,14.422986374164092
2420,12.287271914836765
2421,14.753435914040667
2423,22.51930747400525
2424,21.640223541338738
2425,13.73480389807111
2426,13.507337237665315
2428,10.100890468345773
2429,14.847378831850467
2432,10.427454538215587
2433,24.132581541449422
2434,15.570034036415123
2435,12.724282469403908
2437,19.431484208805013
2439,16.583488204566123
2440,10.719332215426363
2443,8.000684689346102
2447,13.1989241063391
2450,12.479575110101097
2451,16.56103610198243
2452,23.15676886461234
2454,18.452356600447278
2456,14.069873962975471
2460,12.59098372862245
2461,10.929149006896765
2462,11.807709065518608
2463,15.54458970872909
2464,14.56251372071292
2465,17.445598072180207
2466,29.17425636461864
2467,16.894735727830064
2469,15.727808612466623
2470,17.762691861680096
2477,11.943591683143786
2478,25.592014019116682
2480,10.777913417445834
2484,13.466296395235304
2486,9.965820309626098
2487,10.247970119473521
2488,10.745013086670124
2489,21.324928301220766
2490,12.282024682777074
2491,14.244039013898723
2492,28.41521384976928
2493,23.566824739011054
2495,25.449078554098147
2497,14.179578117445452
2500,11.693921284114747
2501,23.499109288709597
2510,11.032707968866886
2511,9.648069867953788
2513,18.84152105130112
2520,15.622658838798577
2522,15.724098377211133
2523,19.059854933921034
2524,22.409304442765393
2526,14.0402747154183
2528,21.494395946474956
2530,15.50738939823001
2531,7.5316518113735835
2536,17.612024982968308
2541,10.92462379551507
2542,10.114207636646702
2544,14.70339520794204
2546,11.65930089870211
2547,15.845574618008133
2549,25.614879505217658
2551,11.487585439770612
2552,19.558302905630242
2553,29.734123355330645
2554,12.89928936749485
2555,9.42329730714157
2556,15.313145182660367
2559,13.625384911946
2562,14.015331024712033
2565,22.761754110604894
2568,14.265284261202535
2572,15.324179969235175
2574,14.747357516439733
2577,13.848014716375443
2578,17.5101941466348
2580,20.181196663647697
2581,9.821682102696139
2584,12.177987778867147
2585,24.848995190133177
2588,8.64666061946977
2595,16.653146133342737
2597,19.792603450969324
2598,25.770835662206675
2601,12.024940069287664
2607,20.40236508290963
2608,13.002667020448376
2612,22.196546065132555
2613,23.493434083954824
2614,12.776691274198269
2616,19.330897907544703
2619,7.290263008847031
2623,12.585032409331035
2624,28.091310454013858
2628,21.095728100677704
2629,15.909033370548046
2630,4.2347319376621515
2634,17.760815385042026
2635,11.477810300532633
2636,14.458346430862072
2637,16.087103125050565
2640,20.08595822142101
2641,17.196776962146608
2645,15.233785988543461
2646,19.2716941102803
2649,12.153883862507897
2653,25.75364802906576
2654,19.737642593569124
2657,37.359361179000196
2659,15.475600878707311
2660,8.69329377604638
2661,17.170474202051345
2663,11.063219983721206
2664,28.173423838351983
2665,20.182517539817912
2667,35.669270185472946
2668,17.702625392558552
2669,30.01186315064672
2670,13.570095670963822
2672,26.1823486882576
2673,20.069742740871146
2676,22.020707242992458
2677,27.960411653849654
2678,15.191675175794332
2680,24.788272190400885
2683,25.99785014470756
2685,9.476452033784838
2686,11.971113044353517
2687,16.749903310228714
2689,16.48142255135946
2690,12.36129226771072
2695,10.520928496387251
2696,16.459467136904397
2697,15.951651943198767
2698,7.128051985164026
2699,12.145044447981093
2700,12.84489275499216
2702,11.719702381024167
2703,17.244964831508998
2705,14.29382159737449
2707,17.24251496141405
2708,7.459458695054378
2710,17.11044822424017
2711,15.090094006460857
2713,19.31201460611329
2715,13.001421692108025
2717,12.555667254683433
2719,16.258427804389477
2720,18.102856590751866
2729,13.640606831417216
2730,9.699571531878945
2732,13.430984668299061
2738,20.676871185197296
2739,13.588129734568989
2740,27.493933959106187
2742,13.52785449171318
2745,15.167961545018247
2749,9.31415450362085
2750,17.170645679740026
2751,17.336357718005257
2753,10.740793125416081
2754,12.533300017421624
2755,11.589407940564792
2757,10.165563803818861
2758,10.778683168387154
2759,24.6570679949349
2760,19.55137038239852
2761,13.233811532034332
2764,12.832807285622547
2767,15.007429585500645
2768,13.767405683907842
2769,10.117685206107025
2771,13.584904768560959
2774,18.613488402857296
2777,12.93250874962309
2778,13.88387943815411
2779,20.011212164318266
2781,10.50107944922988
2782,24.705675045222165
2788,7.736585555429975
2790,8.627484573465534
2794,20.24208301644631
2795,16.36056624442171
2796,11.6597844009304
2797,13.432926594835036
2800,32.57577578437266
2802,26.24677851086038
2803,18.473058376296503
2804,14.217786026366566
2806,13.258570245004197
2808,12.36256066538487
2811,22.482742881586457
2814,10.991265060112879
2818,12.289109482446182
2823,14.975838888335927
2824,9.224682386697367
2825,14.004187799456856
2826,13.754844802533297
2827,9.867451701819306
2830,8.647583768891511
2831,14.180567452535923
2832,11.670581900673673
2834,13.901668120268107
2835,17.357019955548047
2836,15.710748706130913
2837,22.07255062548131
2839,18.05998588605387
2841,15.432382869533354
2842,16.62070673733638
2843,18.85962045573849
2847,12.46697154759663
2849,19.141584662934644
2851,12.463644654586084
2854,17.40618345137781
2857,14.793857141996858
2860,10.890163024253386
2862,14.304529405769651
2863,12.727193986777612
2864,17.798442838867327
2867,21.81464068145947
2869,18.64196531449814
2870,14.108986533248384
2874,14.482870859098144
2877,19.796983641146706
2890,22.2217622509113
2895,12.884410921931122
2899,15.928114453795875
2900,12.382924243225393
2901,14.015970642001323
2903,19.071110433074505
2904,8.151086231117047
2905,36.33674083874126
2908,10.157998341613913
2910,29.56466720446523
2911,28.34458558362793
2914,18.852070963190744
2915,15.041630937310686
2916,32.30609243098009
2918,18.217683985056002
2920,15.555133487031519
2921,12.351365552317121
2922,16.560938276830196
2925,13.422257850658202
2926,15.373906457847262
2930,23.020211569421463
2931,30.502666264243622
2937,15.887227289134541
2938,13.792710922077871
2940,14.236825382274164
2949,23.17937619447011
2950,14.430341245431883
2951,29.781895353564707
2952,17.804805041286993
2953,21.044179309815927
2954,22.936691445719244
2955,11.014684462478652
2958,16.026644361394165
2961,15.900994948553183
2963,14.936269885179762
2965,32.40258799402581
2968,13.179315149131424
2969,20.898526871430107
2970,9.848109777422286
2971,12.897051369018621
2973,14.116179436910475
2976,13.462287908557311
2978,21.419917322933962
2980,10.942150534253383
2982,16.792342430041188
2983,14.35772496070259
2984,12.026211861925422
2985,18.602092575876966
2989,15.568587592748615
2991,13.144412301038015
2994,18.449806474522017
2995,16.075996475608033
2996,9.75284525451009
2997,19.21176559169686
3000,22.52468466517676
3004,12.99271878452098
3005,34.46838112219298
3007,19.34592866636239
3012,10.662403219140364
3014,15.645761679068233
3016,12.720876551118723
3017,15.388069249644742
3018,11.494878400170396
3019,37.287805932283874
3020,17.597494102053886
3021,13.521324172741513
3022,19.94926439767504
3025,12.223794638883165
3026,16.792324322300836
3027,21.029295274811144
3029,21.42007083451064
3030,21.817491317905315
3031,20.52405618898947
3034,10.431556099211193
3035,10.228831767985014
3036,15.55553775933771
3037,12.808692679062776
3040,25.41425743889964
3044,14.450295245267826
3045,11.855330635687285
3048,9.032878692557428
3049,15.246854704310877
3052,22.037687212706146
3054,11.63605083546655
3055,12.306284966687105
3056,22.380250512554458
3058,22.10147410011835
3062,17.453814331922427
3064,18.872805279773903
3065,14.35750901593129
3068,24.004735830264096
3074,10.790146137466804
3077,18.4284408429903
3080,15.645249300505922
3083,15.263136147504866
3084,16.336902505811818
3086,11.477589654955615
3087,12.507655993162643
3089,13.777575174447307
3092,18.231313994033737
3094,16.58218795161928
3097,21.146129953356944
3100,19.314598367880446
3101,12.754803938998693
3102,16.352073684182187
3105,9.090168747126679
3109,15.316430453011897
3110,7.40767625428275
3111,19.91147062809138
3113,13.080862232988599
3114,18.666815047644487
3116,24.714700388167923
3117,24.441659483227824
3118,20.278327828197916
3124,15.400378552103602
3126,19.984321771199454
3127,15.005425066352311
3132,14.346416637113672
3133,13.833332194469804
3134,10.449332425156323
3135,17.7574425581493
3136,12.159175233565248
3137,7.022831563276909
3138,27.45679167417124
3140,12.012074200009275
3142,13.395596601977656
3145,5.122735920675429
3150,16.0661120794992
3152,15.311601017758438
3153,12.524340746727763
3154,9.94844923405233
3155,24.96307729423058
3156,10.3416594031923
3157,5.631012615011552
3158,13.162641891881739
3160,27.41574086755395
3163,15.91637317634028
3164,20.86665414227796
3167,11.466027278325193
3170,11.86014423690485
3171,12.07518472921738
3172,12.067235840497439
3173,13.037897449824781
3174,13.077631878193266
3180,19.055099389960432
3182,10.101245348344044
3183,14.159091733644262
3184,13.335883154731476
3185,15.720158724438239
3186,12.187292710626187
3187,5.297854117568979
3188,9.779101290667894
3189,21.27815018020455
3191,12.699484106611214
3192,27.720548536506826
3194,20.17108346653579
3195,9.138951998895577
3196,18.096389570484707
3203,16.07037221035363
3205,10.894164769426355
3206,12.12235337552629
3207,16.428556841014412
3208,7.8697370728988645
3209,30.194874953550926
3210,12.702936275361576
3213,14.853191913588988
3214,15.126637551348612
3217,9.735624872903804
3221,19.74094971436022
3222,10.728928477013874
3223,19.308704856725694
3227,15.318479840914828
3228,14.527545588920631
3229,14.088828881250699
3231,10.318594204847317
3232,6.504045667712475
3234,13.89519619543457
3236,8.916117250773148
3237,12.467930978690983
3249,14.590036424341159
3250,11.230387478280857
3251,11.92794525835425
3255,24.653533433378332
3258,11.52140722194749
3260,8.813906699540794
3262,19.92762925555747
3265,16.290407235285414
3267,14.938491865072564
3271,9.481778627821964
3272,16.12543037711793
3274,18.369430559176333
3275,19.229693138672147
3277,21.172090596809714
3278,16.786086836797878
3283,19.777436818309535
3284,10.663751271073528
3292,13.510598757523221
3294,11.264084870904288
3298,10.446675544743604
3299,22.01511549131397
3300,14.55473541832214
3302,27.21828998499698
3303,19.952732398893936
3309,9.836161330682742
3311,11.609643667996973
3312,24.49313298750882
3313,28.80538008681794
3314,18.70938011813536
3327,19.531273564082834
3329,21.249373568043357
3331,8.898430039995718
3333,20.80092767918105
3334,17.689078872043613
3337,13.267747266591897
3338,26.156030629705207
3341,11.27582561296115
3343,12.777642809005396
3344,15.536592527276682
3346,25.131310466585298
3351,9.60041680127672
3352,18.45338293246316
3353,20.502041564020015
3354,12.29239636700088
3355,11.746224065552513
3356,15.289456693752904
3357,10.188834138859503
3360,8.196260805553063
3362,26.8120606551016
3363,18.821646801796334
3367,20.294998448794374
3373,20.43248951272301
3374,20.441989072478215
3375,9.161367713760944
3376,12.22951109131905
3377,10.541377243086327
3378,13.85915747463308
3380,11.517084490259423
3381,13.509025076004601
3384,28.06226079131247
3387,14.87885953851238
3388,13.822315348091516
3389,9.233544388879778
3392,14.505064241669604
3393,9.205126420367682
3394,31.652572316220994
3395,20.56721835357552
3396,17.10452293001753
3398,13.542961629851465
3399,12.161530799935202
3403,8.22459489593004
3404,12.172501985033668
3405,10.746000941148752
3406,19.9457381545527
3409,21.135771614437893
3410,9.691058902724556
3411,12.072743643352723
3413,17.564695801791782
3414,17.262808793669688
3417,14.37956605209094
3418,13.501970306445939
3420,10.671520602315693
3421,21.284251037375334
3424,8.633168344534669
3426,22.058109835503146
3427,26.315858796019718
3429,19.589048786311917
3430,13.472950589382634
3432,10.973089988204576
3436,16.21045588920627
3437,23.951434438580318
3438,12.885189975263877
3440,13.99810968105554
3441,13.608321350752645
3443,15.904885308060306
3445,11.080442989917742
3448,23.196717714597295
3452,18.411094639123842
3457,13.89698762622561
3458,17.26987578808686
3459,12.23352931881153
3462,9.85792703252294
3463,7.444488864338477
3464,14.051723442557458
3465,15.126370063933408
3471,11.165104226931572
3472,13.1430586132377
3473,21.707530981358172
3479,12.13474119966361
3482,14.062483262687763
3483,13.504741947423172
3484,14.462386472218403
3485,17.241288965567993
3487,11.786492527606896
3493,21.91105941898957
3494,13.817062602124327
3495,23.78679680068642
3496,15.11962176517767
3504,13.532682836941062
3508,13.4415234845238
3509,19.25957915587117
3514,18.247497737518884
3520,16.00483563172456
3521,31.944505157038375
3522,6.89687740724921
3525,13.506330905372607
3526,14.383255561333463
3528,16.45373245650493
3531,14.64992091441007
3533,13.306926254474064
3534,12.889088340930188
3539,21.52642305877546
3542,17.967612159322492
3551,11.469765166542917
3552,15.715409038899715
3553,21.97752264535654
3555,9.8386252395253
3558,12.01341835694883
3561,13.707168449445764
3563,13.976993307452389
3567,16.74749315115829
3569,9.530248405436687
3570,13.348316751687692
3572,23.68175691526833
3573,16.353467070103587
3574,12.104672799789046
3577,10.863508982162768
3578,19.954964458130274
3579,20.459899681581188
3580,20.048220176276143
3581,19.158838240831376
3583,19.75683271885812
3584,15.05939795295353
3587,12.33082566841658
3595,17.854179621873644
3596,11.208882101153893
3597,8.742374554552057
3599,12.47129753785095
3600,14.513804639506102
3601,9.946944680509906
3603,10.289290990296342
3606,18.710277991820373
3608,21.036436743986254
3609,16.876324591915584
3610,19.866946217258004
3611,9.04374179322972
3612,14.678459588346549
3613,19.700561859066877
3614,17.416242380645986
3615,14.872114344824183
3616,21.223388187821783
3617,9.526443917055941
3618,23.640246412989843
3619,20.182451521501363
3621,15.487107663794545
3622,17.120481296912814
3628,13.3020445823009
3631,15.397096486242027
3633,30.72161198001214
3636,8.573814463902496
3640,21.773922194622596
3641,18.33235087002084
3642,13.111290775649755
3644,28.716826267879565
3645,10.44022762559298
3646,20.06775552455736
3648,12.44414977405328
3649,10.264419319612124
3656,11.417103557126422
3659,14.29746016251014
3661,11.888715178710305
3662,12.249659094999814
3664,25.072604617131507
3665,27.09456746445953
3666,26.5635225795751
3668,11.608763719128115
3670,13.653908346538106
3675,10.857538850475734
3677,13.873852561748155
3678,11.49836748167695
3680,11.02505143942161
3681,15.44816720560628
3682,33.30670405606952
3683,21.867653960304935
3685,17.008888411028106
3689,11.753895188008697
3692,27.02614657019977
3693,31.368208368266327
3694,10.258431590760429
3696,17.115286341941268
3698,15.753254006482317
3699,11.59426115522784
3700,14.674715598674776
3703,8.446913628771124
3704,13.29130191751194
3708,6.090071798943142
3709,13.701224496286677
3710,14.422025146290308
3711,8.520903575320345
3712,31.526461001627162
3715,10.755686432852613
3716,13.647070523543826
3717,13.49771268950301
3718,7.267598182606395
3721,14.571204759192879
3722,12.21572770209494
3724,26.953703128564502
3726,12.619097574240763
3727,26.507887213013653
3728,19.550294480594822
3730,23.340291211976236
3731,11.408159573153062
3732,13.34910988783151
3737,21.704333840855284
3738,14.955843291412435
3742,18.102567100712122
3744,15.563844170942357
3747,7.520875659021177
3749,23.409772000246758
3751,25.347356320905178
3752,14.289985184848286
3753,20.517766973430053
3758,16.23037633722388
3759,12.132179072961948
3762,14.380023394484788
3764,11.990140061537039
3766,9.379143528867997
3768,5.89936966837436
3769,13.980106140607734
3771,17.826969828599495
3776,14.77782042783254
3778,15.049549041479214
3782,16.456350803123662
3783,15.358625138313139
3784,14.42190974497948
3785,22.51675928650524
3787,29.013654868730157
3788,13.039269611051068
3794,15.23085378154217
3795,8.060575217015145
3797,20.79126138244729
3798,11.672436635677236
3800,13.03098290569347
3807,11.06194238254967
3811,18.61715633051705
3814,11.544089550027019
3815,10.819999859713946
3816,16.451987814613695
3819,10.431893571708878
3821,19.463358845323558
3824,12.04691642532338
3825,28.036995623949313
3826,12.113337994670456
3828,20.260581445709363
3829,18.87597192668767
3832,25.885012494671255
3833,16.334933761158574
3837,13.007442829695462
3838,9.506858125440422
3839,16.59625634059668
3840,17.351991312456725
3841,27.60320287494877
3843,10.984219635639732
3844,11.418581686965473
3845,10.360449251962756
3846,32.27413500130913
3847,13.629335888180643
3848,17.1702681668443
3849,23.869206355827128
3850,12.07282076642519
3852,16.722429726430867
3857,16.53713905201678
3858,12.781767364748484
3860,9.63715812711583
3861,18.897055590463463
3862,9.855777847168392
3864,16.44883526604294
3867,12.21909643308106
3869,12.47437503383836
3871,19.824646366414143
3872,7.9626132285257665
3875,12.105919898235811
3877,11.689831391669864
3881,11.660924578959898
3882,18.61410843464694
3883,29.437896321134893
3884,14.84328097024106
3886,14.015423536793486
3890,19.024176037192362
3893,13.590169856787965
3894,17.403151169062905
3895,14.974903563633303
3896,18.799850528722263
3898,18.311820982757457
3899,15.650344920189548
3902,25.321400018870357
3903,11.788423331423381
3905,17.6949576910714
3908,13.703578724331871
3909,15.388461201200082
3910,10.671582860123328
3911,16.08329043195101
3912,22.026217255368252
3915,11.9400298676432
3916,13.408755186440452
3918,9.52345538396696
3920,10.969794857990305
3921,21.549833672646578
3924,15.784754212747055
3926,20.67732323053481
3927,17.16780621099055
3928,17.54996407740885
3930,12.575251493704013
3931,19.37369478169713
3933,15.472698847565184
3938,13.088167295431827
3941,32.70722868312343
3943,12.187112041693677
3945,25.888909173601505
3948,11.96121615281451
3950,24.479820124170967
3951,9.437644522741072
3952,26.849998091352507
3954,11.275249053361007
3956,27.713229325826504
3958,18.98505671090392
3960,12.327912544824692
3961,18.078248470810987
3963,11.5273677085839
3964,9.676989896065923
3967,20.186229842911974
3969,16.85212906698134
3974,12.37659625970665
3975,26.26415079073356
3976,15.1247654480559
3977,20.40661827973151
3978,16.22370753178634
3979,14.106901346929538
3980,13.855408441595962
3982,11.360240152199994
3984,8.917683399064087
3988,16.807498174910023
3989,26.973682773678526
3990,20.7877369417953
3994,16.58563728293776
3995,17.057137734412976
3998,13.613685190918558
4002,10.171474071182338
4003,22.38428695656491
4004,19.967074001577174
4006,10.93784738502585
4007,16.738186116945357
4008,16.919151469212117
4009,13.153232475445456
4011,14.586585196467986
4015,17.751429419309716
4016,16.773398630609055
4018,29.521554207334233
4022,12.979035367848295
4025,7.622539963995261
4027,23.299757887520165
4028,26.804554959225953
4029,15.68691229791765
4030,20.9879355557552
4031,19.35824252710122
4035,24.673154532787933
4037,10.188120165938656
4038,26.099240303470378
4040,12.029098893270685
4041,13.809726055386303
4042,13.349327396552024
4044,24.656127500256595
4045,14.584915945884358
4047,13.1448016459904
4051,19.373784409928614
4055,21.469803872204036
4056,15.533665608882893
4057,13.091857446382752
4058,21.933201538630016
4059,11.327938143190842
4070,26.172783058565035
4074,25.031402637044145
4075,7.111422773474138
4077,16.78563744730562
4078,18.31347887587383
4082,21.29139625916652
4084,9.11454476919867
4085,28.49289248503176
4087,8.726479501117828
4090,28.98956735527141
4092,19.914355200746602
4093,12.712747726033923
4096,7.673327069406966
4099,26.240585105814464
4100,10.13085702757399
4102,14.393943185526465
4103,17.70472034322076
4104,19.169154694027146
4106,34.34362148992166
4107,19.31824392286843
4111,12.819455398148477
4112,13.890424435450383
4114,12.312436495643395
4115,17.657085681076005
4121,6.938420109668584
4123,10.385814867020478
4124,11.59631574873562
4126,15.702871596975196
4127,12.786522941309968
4128,13.114613955458164
4130,16.14362253264178
4133,11.502118316923976
4135,3.503531936329662
4136,23.90088549213422
4137,20.13480562812478
4139,13.05568564073627
4140,24.018714292855407
4144,10.517450166614159
4145,19.347485963778563
4146,28.405651021794615
4149,12.178040389046409
4150,19.40986980771871
4153,18.089245972085912
4154,21.71167717216879
4155,29.70037762656169
4156,19.9143840142454
4157,14.370002300823904
4162,15.378545057235653
4163,13.890743364872531
4164,15.065950226470422
4165,12.505499196412577
4166,9.397005269019752
4167,12.198002345143411
4169,15.118031646348877
4172,21.46348574585033
4173,20.180787945100043
4174,12.021890563067029
4175,16.06969812416881
4176,2.8163848175541673
4178,22.118491676388487
4179,21.548063514087527
4181,10.951861339809955
4184,19.655188733231714
4186,9.944905755769637
4187,11.384877418841791
4190,21.805695252411077
4192,12.595456255348509
4195,10.238545451562594
4204,16.97543401457627
4206,13.183194262915952
4207,17.905507436162313
4208,9.156673214390308
4212,10.781561138717644
4213,27.157084541890452
4216,14.969471151179041
4219,10.404474276730987
4222,11.636578905853906
4223,16.87358604193678
4224,15.244830806653278
4225,11.232654378561538
4226,15.43296220802741
4228,9.805660685226146
4229,23.97349525743007
4232,14.017858284084467
4233,9.152539741483556
4238,17.71487167695864
4239,24.734892732417823
4240,8.422639643025157
4241,10.119130828327764
4243,27.741481823145932
4244,12.202056663424653
4245,16.211291831926825
4246,13.020727545383414
4247,9.494422167400167
4248,13.416110888339222
4252,14.01380744935708
4254,16.313391415300305
4255,12.518472458592528
4258,19.842985958305736
4262,13.234547396189885
4263,18.294194364353803
4265,8.157651569662212
4272,23.941172513192367
4274,18.143280942399457
4275,10.842902832041153
4276,17.90741441803597
4277,11.336937968416464
4278,26.69037967825258
4281,15.661607208325108
4282,16.161646648087753
4285,12.963981905365443
4286,15.364184739752643
4292,18.541359433864912
4293,9.46641797475992
4296,8.831651072505785
4297,15.894752017098305
4298,12.916031496934549
4302,24.744637331480856
4304,8.800325700780258
4305,13.218862983623913
4306,19.127082150440312
4309,12.28164481666111
4310,24.305880463768787
4311,14.34728600943012
4312,15.197941598379858
4314,16.271050561209385
4315,18.651866368987825
4318,13.653412224643361
4324,7.651537287883595
4325,12.757862896252597
4327,17.093778110846873
4328,26.90698046111806
4329,6.590959476584805
4333,14.087649100193683
4336,11.28346186437715
4337,8.314057439129607
4340,12.763077223203021
4341,12.706792510534079
4346,11.605779153106177
4347,11.717902426990749
4348,12.183355165270491
4350,12.989224287565182
4352,13.469714429679625
4354,21.312339802619107
4358,12.329737942180401
4360,14.259384515659736
4362,16.354880959196365
4363,14.388236189906433
4367,23.945691134262564
4371,26.641634882939346
4372,18.649156473722012
4373,13.526089584087485
4374,22.194874971031744
4376,21.89245983867126
4377,12.213468555034197
4381,18.916255930924397
4382,12.481799399098977
4385,14.957255889883042
4386,16.35666316973528
4389,16.95373256503319
4390,10.091295151956588
4391,12.375509136044428
4392,12.52158203694217
4394,21.825482346155813
4395,18.631099022094975
4398,24.421966025360593
4400,11.793601429583937
4406,25.923013616069696
4408,26.599470118058875
4409,9.962304639731883
4410,13.34042819341287
4413,13.717573828000114
4414,9.803894979764218
4417,10.27055943858476
4418,13.09367776526397
4420,18.443453070692353
4422,20.88027585308676
4424,20.282824707953402
4425,21.370890251327133
4427,22.28508543027612
4430,16.222114972862236
4433,17.448728617704674
4435,11.223176648385104
4436,28.582961674538986
4438,18.906003537482125
4439,7.292403217515999
4442,19.630140774609384
4447,14.785538268631464
4450,16.718974973649956
4454,16.611980849588594
4461,22.96617851338247
4462,10.324714984860224
4463,16.589658926345983
4464,16.64347832835314
4465,9.893564344331681
4467,11.442447882430766
4469,17.301835157767364
4471,16.510530474355598
4472,20.837319689009373
4474,17.139257318474854
4475,10.18231374411406
4477,31.68654395204414
4479,11.166635283244524
4482,11.713012095815376
4483,10.417578643866696
4486,25.513847125884165
4487,9.005515442236184
4488,17.844807852721814
4492,8.96959762565403
4495,18.23037690901183
4496,18.132437601907256
4498,9.737693305675586
4499,15.492753057836554
4500,17.69282996305757
4501,20.333364321521245
4507,26.774289669629063
4509,16.344693017953798
4512,20.390534787918625
4513,18.77114366749396
4514,15.380348328539082
4515,25.47360047237063
4517,21.930852333180844
4521,10.502698817487973
4522,21.15759187739714
4524,18.28624343643898
4526,13.630708419169295
4528,18.25515556770622
4530,24.529320114131096
4532,16.59325499638677
4536,24.089250537907127
4538,27.576351087773173
4541,27.71362860343905
4542,12.728176924421238
4543,8.102570844683003
4546,9.962460910284731
4547,11.412753929256272
4549,11.08451984222044
4550,17.850526977416585
4552,25.170282882713412
4553,22.50448961357902
4556,12.150621255441514
4558,10.895488062087887
4560,22.26678254676113
4563,12.930103156397632
4565,26.09343448642632
4567,9.651328603118127
4568,20.757200839047552
4575,12.153589570887084
4577,16.81181126755444
4581,31.46140985372756
4582,20.583615520924052
4584,12.42067601330419
4585,10.47110449903383
4586,11.822798612786555
4591,30.357926240212684
4594,15.807731051479237
4600,16.945610269813013
4602,19.081059689754895
4603,12.793082078179273
4605,16.652666253736836
4606,21.445693932471727
4607,11.584618753594741
4612,29.56450988838183
4616,11.275269091920658
4618,12.490642358628827
4621,21.564119016523005
4622,12.970938652213471
4625,11.780568792715545
4627,16.053707024850862
4630,12.843496911200605
4632,14.089434823838896
4634,12.55226275274246
4635,13.909128802330912
4637,13.747287607189095
4641,8.598696989171643
4643,11.508157061812549
4644,15.952309849923688
4649,17.461380910622786
4650,18.06206527404146
4653,20.828105462152497
4657,16.196393783728634
4659,28.042791592020105
4661,13.982999581864066
4664,14.48856629951024
4667,18.160623393255676
4669,12.041089947996817
4671,13.319446416211107
4676,12.632756651485073
4677,20.499657740349637
4686,13.935592179636409
4688,11.922733161025498
4690,16.26586701652905
4691,16.919978844398848
4697,24.019764750034664
4698,10.971996555991325
4702,16.32045911051377
4704,15.917061353245225
4705,11.192978582331158
4707,12.489939471018516
4709,18.684233097988425
4711,12.80251422269461
4713,11.436732147255391
4719,13.058213876852758
4721,24.100543401928824
4722,26.29422989907265
4727,16.35479621001655
4728,13.924521124431259
4732,7.889341155582327
4733,13.973035336390419
4734,17.981781199121126
4738,8.967902031140088
4739,16.339211748200846
4740,13.963839713591737
4746,8.983150191127669
4748,19.981648057734947
4751,18.69290292137013
4752,15.846980298770543
4754,15.130038935236286
4755,12.005122320674582
4760,21.409651668918865
4761,16.279934834649033
4766,12.204088419185505
4767,9.842304112827158
4768,23.90539765184189
4769,20.088508390277102
4770,21.848347698728862
4772,19.307909404645173
4775,16.4134266184644
4776,23.73374471952764
4779,15.396914092994901
4780,15.090607778910098
4781,15.850360281541777
4782,9.982103795274648
4783,23.318612285194085
4784,6.12631834001603
4785,22.434732075464915
4790,23.421619785278157
4791,15.912854837539069
4796,16.8241902400677
4798,11.635271297202026
4800,16.813298289385028
4801,30.0356231243779
4803,14.452585837167486
4806,10.64131995684278
4809,21.9037603089766
4810,12.574620797572098
4812,14.30200661038919
4818,5.4876832321495295
4820,10.173605516653184
4821,13.08019410458656
4824,16.73140081649394
4825,31.145979205475765
4830,17.141186219438698
4831,11.2275134887231
4832,15.460994893055979
4836,12.673342085048212
4839,13.425935019176745
4841,25.21124417661627
4842,6.173014627306615
4843,27.093484590071874
4844,20.912167058218838
4848,20.4062466954289
4849,13.283213429311877
4851,23.230716072807557
4854,9.151307331844523
4856,9.559764457090463
4857,14.003024170728363
4859,17.553733721951684
4862,12.837226846168393
4865,12.342065944772294
4866,26.712744239963047
4868,15.77449346514935
4871,11.236269619000534
4873,18.209136051579968
4874,31.90783946302736
4875,26.234700187829343
4876,26.051934639920304
4877,22.39950342823068
4879,30.811556646169585
4880,13.118563024221956
4882,21.64353909671471
4883,15.088448469796477
4884,21.066553828220968
4886,13.806545647486304
4887,22.0658828005121
4890,9.766807250834125
4891,13.25278539870908
4892,16.23632902269723
4893,12.704885176271954
4894,17.90394466644834
4896,28.533408505342067
4897,25.860890687245064
4899,18.850674193717154
4900,10.081970020414673
4903,20.17454098650786
4907,7.565794859137291
4908,23.899698200497077
4909,2.3183789121994116
4910,14.42278085324681
4912,15.971542546142718
4913,10.732710655478348
4914,27.37991935468148
4920,8.259535836930713
4921,14.152046164858728
4922,11.528197364672613
4923,16.675494633811173
4925,11.21997942483273
4930,16.69075557445552
4931,13.367867360847677
4932,26.082106560325933
4934,11.287836113697297
4936,26.70176658920879
4938,15.692692434519493
4939,16.680802466032333
4941,19.96290957353902
4943,13.614766371705457
4945,13.236158109550326
4946,28.50844616055465
4947,21.48674018869887
4953,16.868521387528975
4956,8.19195218214848
4957,13.674599139091802
4958,29.844362238711966
4961,27.305932332038736
4963,10.487504642742975
4964,13.715909918882867
4968,23.3360155581622
4969,9.944175902171008
4972,12.054702556396059
4973,14.946519973197203
4974,19.314838843585818
4975,26.652484820840932
4976,18.215643799458867
4980,15.37915013359889
4983,11.267878033731533
4989,6.620019467176564
4991,22.685209977346478
4993,18.886768185000687
4996,28.862710485827687
4998,9.993704645372736
4999,31.032050197378407
5000,12.009728142273179
5001,11.572825408955707
5003,24.459759331399837
5004,20.842925273586225
5010,17.783603968990306
5012,21.852724203644673
5014,12.720026622322264
5015,12.74220538881192
5017,12.290075264608518
5018,29.36884950617878
5019,24.018328486741453
5020,17.050319975557947
5023,11.637201190429982
5024,11.043576659271983
5028,14.873551911220117
5029,21.812063485083033
5030,12.088360085228695
5033,9.71160536422726
5034,17.927417843638537
5035,11.31479297820759
5038,14.979728315346462
5040,12.370373717134367
5041,9.206425177946345
5043,11.85605467239889
5045,10.898887850432343
5048,25.024953085386727
5049,11.564993900342355
5052,13.780519701725861
5053,11.198319527274899
5054,11.693813650128202
5060,12.104229304344672
5064,23.0315838199369
5066,20.927440308134397
5070,11.143898155629023
5071,11.933815425650831
5073,21.720581020723852
5077,11.09719361582329
5081,20.29536428110691
5084,10.230326182438656
5086,13.59587933312175
5087,28.335337131279946
5088,15.841970962301406
5091,15.695408127785807
5094,12.547278100623195
5095,15.42033985445121
5098,19.17484525066013
5099,13.75661137382623
5101,21.246288829133945
5102,14.09731128693032
5103,11.732528550386098
5105,11.383329162450883
5110,12.479668362202213
5113,16.605637179431568
5115,16.103201950434546
5117,13.681512223469115
5119,14.358742406145561
5122,10.738597820351123
5123,22.12763665767909
5124,9.380465866237763
5131,18.89884286052489
5133,27.138699110620077
5136,11.591789739628986
5138,12.025915186504102
5141,11.811037835120827
5142,22.7722252274933
5143,15.429441113206888
5144,18.2404127153492
5151,11.392380564139959
5152,11.99803911502083
5153,11.998401958224308
5155,6.094957025413243
5156,18.18165534962595
5161,13.410587471258559
5162,6.017090421095083
5163,11.368309549044389
5165,21.256135237272545
5170,13.830827759353609
5172,8.417597270505931
5174,19.77581547258614
5175,13.487950437246182
5176,5.396714292895132
5177,11.202921527394354
5178,10.55891771171837
5179,22.793515742567877
5180,22.71625039941748
5186,25.895941961516147
5187,15.033959687506671
5188,14.388700874576084
5196,16.81951598804667
5198,8.79640369211837
5199,10.01417996427407
5201,14.435625675801209
5204,11.836031500568055
5206,13.204372519502282
5207,17.995590795188782
5209,18.218014619420973
5210,17.005765570980735
5212,25.158692487249265
5213,10.803411515660438
5214,6.449464452454876
5215,13.560518426261583
5216,14.319165851271388
5217,8.70518033296922
5220,18.586585975356453
5221,18.341638134051387
5225,14.541376748415257
5226,19.653247519630806
5232,16.865622718445657
5233,17.161339619500556
5234,13.111877141838251
5235,12.44160934111816
5236,8.100927478093462
5240,17.387697779552237
5242,20.874061818192946
5249,16.85737246064688
5250,21.45877051545218
5252,23.246868674767054
5254,12.232104085517921
5259,12.787225062390423
5263,5.469150342846766
5264,15.979515836251354
5265,25.343869156288466
5267,21.357691489029655
5268,10.890682134895119
5269,12.870445021269381
5271,17.539212049964476
5272,13.466887869543307
5273,11.680740750813916
5274,32.052102727597116
5275,14.078836703112149
5276,14.944975522362462
5278,18.2458779701206
5280,21.212408959860117
5284,15.843280084966654
5286,13.465319936131422
5287,14.375981205294616
5294,12.662967385906565
5297,19.512132462168058
5300,18.268637965569447
5302,10.742757862035825
5303,14.981737889725007
5304,14.05015848417993
5307,11.98432803961674
5308,14.3344566066381
5310,15.579902970697727
5312,9.770611183213807
5315,15.314929017064129
5316,24.238774096760928
5318,17.085838402030646
5319,16.47294957598436
5322,11.95562605105894
5323,9.016984050635813
5325,14.997663269396957
5326,12.826638455441927
5327,17.966744015473076
5331,16.30866853904399
5337,19.38293793012409
5339,20.93058381803468
5340,13.050202126479677
5342,22.586633110498024
5345,16.646277643957582
5349,16.656775424659376
5350,18.556130058832426
5351,27.480988977069316
5352,21.850680793146466
5357,20.63584756360815
5359,17.435638962718993
5360,20.501350859426054
5361,19.901904791338403
5362,25.611789087106477
5363,12.330433797582717
5364,28.067502567331136
5365,14.147076287661275
5366,10.292620868297314
5367,8.177293405337622
5368,13.267350091570597
5369,21.750099700880433
5370,21.680929988991416
5371,18.64878130365634
5372,17.096724521664374
5374,19.364743954618177
5375,10.269027096564324
5376,12.26766827011881
5377,17.201640812357578
5378,17.68991008138189
5380,10.44157543750912
5387,18.674965299750593
5388,17.577917108284062
5389,17.657241267582698
5390,10.839001055538509
5391,28.78338847292548
5392,22.370874704134483
5395,26.606752011480793
5396,10.393155023629806
5398,13.807885714191
5399,18.939221172780446
5405,18.285278197620144
5406,20.93955863504862
5407,21.085216914077726
5408,13.211338520599016
5410,11.472236111841237
5412,20.82068577109078
5425,12.547052790440487
5429,15.989368978527096
5430,10.371967608667108
5431,23.53919354903075
5432,11.782173716968776
5433,22.535897971752874
5434,11.963721446419482
5435,12.748858168748615
5437,22.28848655209481
5440,27.145403475625123
5441,14.788010745901172
5442,25.798639652194435
5449,17.70557834752655
5450,20.707835836311403
5453,17.394633433511977
5454,11.569482778078727
5456,22.08848095072248
5458,17.364852241667187
5460,19.71565565651772
5462,4.375117311908153
5463,18.212068527979753
5465,12.795889438247908
5466,12.213268973284828
5470,13.444386169617431
5472,17.169738812050532
5473,22.58412291257306
5474,11.719327080641342
5480,15.969009047121785
5482,12.329168780792354
5484,15.721522546691903
5488,9.211799119613495
5489,17.69744430586805
5490,20.263912137316375
5494,12.132803945945344
5495,32.31966696893149
5496,15.76760803815804
5497,11.924232948625946
5498,13.834403518317846
5499,32.03271402344027
5500,11.174111970798862
5502,11.838039326323647
5504,16.85369191346126
5506,20.004759124600405
5507,17.00879176204682
5508,12.80475843065581
5509,22.87414020826739
5513,10.519537245913378
5516,11.231484485396793
5517,25.756347900717657
5518,9.98602176205401
5523,19.01890251204351
5526,15.962555606862823
5527,11.268011256503247
5530,22.52130496028224
5531,16.63108890395755
5532,23.65465868444095
5533,17.74801661308607
5534,11.223250841505529
5538,18.76292942738536
5539,15.59165103283119
5540,10.559364681396428
5543,10.748429921818165
5544,11.176021988927154
5546,13.73562998234193
5549,8.430600719990672
5550,10.325245299036158
5551,12.891221992352799
5555,10.200294672803945
5556,20.62626964723465
5558,22.218059537898135
5560,22.969361859154425
5562,26.891990577223158
5563,31.16368334775451
5564,11.898438330412935
5565,30.581249001197193
5566,15.656664085579525
5567,13.303855777755563
5568,14.175484157271796
5569,25.824138421007532
5570,23.387537486012686
5571,19.096360843998447
5572,16.819384766180722
5574,16.51728013487901
5575,15.425242373880893
5581,13.033949215578218
5582,7.176969054716024
5584,12.607698195982406
5585,18.365308913837087
5587,13.124007233362153
5588,22.984682167891243
5590,35.43937866214651
5593,11.810696663906292
5594,28.91342345801326
5595,9.624705087971083
5599,14.892116084591487
5600,22.724087536994663
5603,8.005136568886414
5605,16.998137288447737
5606,21.685824393672654
5607,15.86337018702779
5609,18.129158438723987
5610,19.501203040963123
5612,11.85264949991363
5615,21.140897519985757
5617,14.091182307185916
5618,15.387539703528926
5619,40.52943228649188
5622,20.48129244073156
5623,14.349070947264291
5626,18.218389952587792
5627,11.101609761306
5628,12.957701393022571
5629,24.752775783807625
5630,28.50722579302119
5631,16.426575410111145
5633,17.99549228417806
5636,25.023555624806985
5638,22.510740356457003
5639,18.77795572451723
5644,13.133112339738028
5645,11.788128424468907
5647,19.272190898757554
5650,27.440556904132208
5653,13.749385650390458
5654,18.711198514247087
5655,17.949003165972904
5660,22.860402795972266
5665,9.619107531064266
5668,18.34432401751923
5671,17.732026273154585
5672,21.694178371587597
5673,12.97302737712213
5677,23.37629565763641
5678,20.67871813300114
5680,14.832878876637128
5681,16.001468559434073
5690,14.279835614635509
5691,18.00269723452292
5693,19.93056613090419
5695,24.93158167634189
5698,11.58227698785657
5699,14.980533180877103
5700,10.927452729510714
5701,19.987259154097973
5702,15.533026763217531
5708,33.47682792832586
5712,9.412230990037427
5713,20.864429305987432
5716,20.34805713190658
5717,23.250508264052094
5720,15.464252229229766
5721,14.751603493383632
5722,12.105579347738576
5724,34.86261682505289
5726,14.947821603008757
5729,25.31139730936018
5731,9.026987975520177
5732,26.98874722143701
5739,12.59342714148706
5740,11.537535048628657
5742,12.87838884791289
5745,12.140355731353663
5746,11.512875672924773
5751,13.77729295880116
5752,16.435630732135944
5756,19.64051512540351
5757,16.592692843553333
5758,13.3829300177167
5761,16.78787608932367
5762,19.42404037361373
5763,29.888416333069316
5764,18.871610775591233
5768,17.90240389644077
5770,11.791386901406142
5774,12.30471375362894
5776,26.91251775207489
5778,9.229945851409454
5779,20.30996411197354
5782,17.552365631734883
5784,17.534582450073184
5788,14.845684673578585
5791,13.744467788162368
5792,11.121701129345176
5793,21.95294003933888
5795,12.222360304434156
5796,15.712062486464413
5797,11.5765621107642
5798,12.050751277816676
5799,9.828143541153453
5802,16.274949272770534
5804,9.306684230743949
5807,17.82928830893808
5812,28.7839967622526
5813,2.192676310653422
5815,18.422908501981773
5819,21.32091335457838
5820,16.848428837391875
5822,9.840911960667457
5823,18.83615567689401
5824,16.4584468036356
5828,18.004030211251482
5830,12.843573050029969
5832,18.878789445123246
5834,7.593662627803186
5836,10.681931939915772
5837,16.123778910088614
5838,13.292864731299156
5839,22.337315715914965
5840,11.445086324123732
5848,24.04400631238996
5850,25.351028756574614
5851,15.211855570975148
5854,18.325238987522468
5857,6.62416835526435
5858,17.917717650792213
5859,11.72536492019864
5862,8.146284844617442
5863,21.393230701488733
5865,6.274577974917901
5873,17.499949802305256
5875,31.26603362590078
5877,15.359498997572175
5878,18.057622061127493
5882,21.547656617468622
5884,31.964028161162325
5886,12.973731260543184
5887,15.554590400530781
5890,15.22754360265787
5896,28.801060240882425
5900,18.076777396640257
5901,14.877216557557775
5903,27.578318461155927
5904,17.792556778872022
5906,13.98804433451161
5909,18.873272369491115
5910,15.144580423572608
5911,15.190777571980176
5912,23.0436653701262
5914,36.13979938315099
5916,22.029315723072507
5917,10.565465677959354
5918,9.147433124182088
5920,9.277991611383243
5922,24.09523921274421
5926,9.495298496134009
5927,15.279354967441552
5928,20.262435211517626
5929,10.7986517330985
5930,18.20606192424556
5931,14.751328908877984
5933,17.219170177133485
5934,17.694016915721985
5935,23.85308284552446
5936,15.505389582867284
5940,23.791002083393387
5942,10.290412035453919
5944,6.863120328324757
5945,19.567396303104314
5947,10.515889317935386
5948,28.042150196083032
5950,9.842275394976268
5951,12.778437078254761
5952,24.64407316176194
5953,15.36589300535993
5955,10.620149812805334
5956,9.96092971945473
5957,15.776586955493544
5960,19.02550012464427
5962,18.314382665381885
5972,33.914950621804955
5974,21.3090721816406
5975,16.51084368322448
5976,11.458173604605035
5982,19.71105455193476
5984,18.736548681127626
5985,24.86981283469174
5987,14.199770184841858
5989,14.297124487911766
5990,12.46599633528193
5991,13.16586014865015
5994,13.097115827721593
5996,21.693434295313693
5997,10.015398273697022
6000,20.094446728963817
6002,13.851894650047804
6004,17.182210980897416
6006,20.040849341726723
6007,14.786507568482156
6009,15.407273160300045
6010,14.182473595926211
6014,21.212019878781394
6015,23.74519947949057
6016,19.608016907905114
6019,9.826532669403852
6020,21.948966263473295
6021,31.44491586273384
6022,14.814197114901397
6023,12.501241303748175
6025,11.025761042192157
6027,20.159517037885667
6029,15.453611092095057
6030,19.555573181059987
6034,13.584754511270155
6035,13.07416591343911
6036,10.101695166260535
6040,20.624065211544202
6044,22.937991398174105
6045,10.030009367267596
6047,12.81046486236246
6049,14.727328324469443
6051,20.190219455867553
6054,16.67419166408829
6055,13.613563162811511
6061,19.706856484327716
6062,14.66648677082767
6063,17.85802348667731
6065,15.832464516999925
6068,23.05311684236413
6070,19.029561898709762
6071,19.223011410290262
6072,20.51946887160893
6074,18.518103763440575
6081,5.6820671868544865
6082,13.17578356891623
6083,17.387427072690983
6084,17.46749498266404
6087,14.839134923671377
6088,12.672991917345083
6090,17.594056694366895
6091,14.373908458169748
6093,12.573876800480301
6095,14.5881854949334
6103,19.817313833458062
6104,11.256499105540307
6105,26.2060768925318
6106,8.690239749755655
6107,11.36419962348073
6109,12.84191207379259
6110,22.609541953783836
6111,15.160637522954291
6113,23.821624840085857
6114,18.463619069767315
6115,18.999934339281424
6119,18.426897253234536
6120,22.103569701021947
6123,12.439672970855922
6125,34.55309310422875
6128,23.471651880968874
6131,11.134043370083255
6135,9.2620436494339
6136,13.747913993143042
6137,8.317625334836453
6142,22.831036051100156
6144,25.45032288526076
6145,16.800806162425065
6151,13.725996846087313
6154,18.050824120476737
6155,17.17472907089414
6156,17.80072604932336
6157,11.949477775278348
6158,6.198325388155041
6159,11.595432014017371
6161,13.105820727156821
6163,11.887031020027802
6166,12.834670885126767
6168,12.317082247006645
6169,16.53644137723559
6170,12.850493162150661
6172,11.863324076485553
6173,15.67507137667734
6174,13.929816958038858
6175,13.421004165591777
6176,12.691002906987645
6181,18.77699680074672
6182,20.231637511849836
6184,10.328692727771534
6185,11.352675821306072
6186,24.00724882297793
6187,36.824277509510985
6188,28.318575626691757
6189,12.554454793781987
6192,10.23653656597764
6193,13.172880119079592
6195,9.968099560047987
6203,15.246441408535054
6205,15.315027988259567
6207,11.499335389674679
6210,40.253272807066914
6212,19.739049196780943
6213,29.57397061201395
6214,15.432481316771502
6216,30.038274833554027
6217,16.174329583272854
6219,18.17630761022447
6220,13.791719318094716
6227,13.72579854555729
6229,18.294254646929705
6231,19.371114429648625
6232,24.10457429266069
6233,20.046880685134205
6234,12.017834510386335
6237,16.191993414462598
6238,15.690369217919855
6239,17.21360071245393
6241,15.646943518919905
6242,9.001131937388859
6248,16.575530905187765
6249,14.045477753415517
6255,7.004424450173428
6258,10.567831761829337
6262,12.18890929361506
6263,12.886224396757507
6266,10.793018623738382
6271,18.775391640557714
6272,15.811555203452142
6274,18.726357534811356
